mean,std,min_pixel,max_pixel
0.48659786864295307,0.34352011725795284,0.0,1.0
